floorplan_id,type,subtype,ground_truth,style,mystery_pred,mystery_reasoning,critique_response,counterfactual_response
fdf2df9e-cb33-4b33-99b9-6610e07ff6eb,normal,n/a,living_room,normal,living_room,"The mystery room is located adjacent to the kitchen and bedroom, has a larger size and proportions, and is consistent with the overall layout and architectural style of the floor plan.","**Realism Score:** 2

**Critique:**

The provided floorplan lacks essential elements for a functional and realistic living space. The absence of a bathroom, entrance, and any additional rooms beyond the kitchen and bedroom significantly impacts its viability as a modern urban dwelling. Furthermore, the placement of the kitchen directly adjacent to the bedroom without any intervening space or buffer (like a living room) disrupts typical residential layouts where privacy and separation of functions are valued. This configuration does not align well with the expectations for a medium-sized, modern urban home, which usually includes more defined spaces for different activities and better privacy between sleeping and cooking areas.

**Flaws:**

*   Lack of a bathroom
*   No clear entrance or foyer
*   Insufficient separation between kitchen and bedroom
*   Absence of additional rooms (e.g., living room, office)

**Strengths:**

*   Simple, easy-to-understand layout
*   Potential for open-plan living if additional spaces were included

**Conclusion:**

While simplicity can be an asset in design, the omission of critical spaces and poor adjacency choices in this floorplan make it unrealistic and impractical for a medium-sized modern urban home. Addressing these issues by incorporating essential rooms and improving the layout's functionality would significantly enhance its realism and appeal.","**Analysis in JSON Format:**

```json
{
  ""preferred_hypothesis"": ""A"",
  ""reasoning"": ""The layout suggests that the mystery room is adjacent to a kitchen and bedroom, which is a common configuration for a living room in many residential layouts. This placement allows for easy access between these essential areas of the home without having to traverse through other rooms unnecessarily."",
  ""counterfactual_analysis"": ""For Hypothesis B (the room being a kitchen) to be valid, considering there's already a labeled kitchen, the layout would need significant adjustments. It would require either removing or reconfiguring the existing kitchen to justify the presence of another kitchen in such close proximity. This adjustment would fundamentally alter the functionality and flow of the space, making it less practical and efficient for daily living.""
}
```

**Explanation:**

Given the layout, Hypothesis A (the room is a living room) fits better due to its typical adjacency to both kitchens and bedrooms in residential designs. This positioning enhances the functionality and flow within the home, facilitating easy movement between these key areas.

Hypothesis B, suggesting the room is a kitchen, faces significant challenges due to the presence of an already labeled kitchen. To validate this hypothesis, substantial changes to the layout would be necessary, such as removing or reconfiguring the existing kitchen. These alterations would not only disrupt the practical use of space but also diminish the overall efficiency of the home's design."
fdf2df9e-cb33-4b33-99b9-6610e07ff6eb,normal,n/a,living_room,sketchy,living_room,"The mystery room is large and rectangular, which is consistent with the typical layout of a living room. It is also located adjacent to the kitchen, which is a common configuration in modern urban homes. Additionally, the room's size and proportions suggest that it could accommodate a seating area and possibly a dining table, which are typical features of a living room.","**Realism Score: 4**

**Critique:**

The provided floor plan exhibits several unrealistic elements and functional flaws. The most striking issue is the enormous size of the bedroom, which occupies nearly half of the entire living space. This is highly unusual for a medium-sized urban home, where space efficiency is typically a priority. The kitchen, on the other hand, appears undersized compared to the bedroom, suggesting a potential imbalance in the allocation of space for different activities within the home.

Another concern is the lack of a clear entry point or foyer, which is common in modern urban homes to provide a transition area between the outdoors and the living space. The absence of closets or storage spaces in the bedroom further detracts from the practicality of the design. Lastly, the placement of the kitchen directly adjacent to the bedroom without any buffer zone (like a living room) disrupts the typical flow and separation of spaces found in most residential designs.

**Flaws:**

- Unrealistically large bedroom
- Undersized kitchen
- Lack of entry point or foyer
- No closets or storage in the bedroom
- Poor adjacency between kitchen and bedroom

**Strengths:**

- Simple and easy-to-understand layout
- Potential for open-plan living if a living area were added between the kitchen and bedroom

Given these observations, the realism score of this floor plan is 4 out of 10. It lacks essential features and practical space allocation, making it less realistic for modern urban living standards.","**Answer:** { ""preferred_hypothesis"": ""A"", ""reasoning"": ""The layout suggests a living room due to its larger size and central location, which is typical for living rooms in floorplans. This positioning often reflects the room's role as a central gathering space within the home."", ""counterfactual_analysis"": ""To make Hypothesis B (the room is a kitchen) valid, the room would need to be significantly smaller and possibly located near the existing kitchen or in a position that allows for easy access to dining areas, as kitchens are typically smaller and serve as a hub for food preparation rather than being central gathering spaces."" }

**Explanation:**

1. **Which one fits the layout better?**
   - Hypothesis A (the room is a living room) fits the layout better because living rooms are generally larger and centrally located in a home's floorplan, serving as primary gathering spaces. The size and position of the unlabeled room align more closely with typical living room characteristics than those of a kitchen.

2. **What evidence supports A?**
   - The evidence supporting Hypothesis A includes the room's size and its central location in the floorplan. These characteristics are common for living rooms, which are designed to accommodate various activities and serve as a central hub for social interaction within the home.

3. **What evidence supports B?**
   - There is less direct evidence supporting Hypothesis B (the room is a kitchen), given the room's size and location. Kitchens are typically smaller and often positioned to facilitate movement between food preparation areas and dining spaces, which does not align well with the provided layout.

4. **What would need to change in the layout to make the OTHER hypothesis valid?**
   - For Hypothesis B to be valid, the room would likely need to be smaller and possibly relocated to a position that is more conducive to kitchen functions, such as being closer to a dining area or adjacent to an existing kitchen. This adjustment would align the room's size and location more closely with typical kitchen layouts."
c45b43ca-79bb-43de-a97f-868ca38e1ea8,normal,n/a,living_room,normal,closet,"The mystery room is small and narrow, with a door that connects to the bedroom. Its location and size suggest it is likely a closet, which is a common feature in modern urban homes. The overall layout and architectural style of the floorplan also support this prediction.","**Answer:** 

{ ""realism_score"": 7, ""critique"": ""The floorplan is well-designed for a modern urban style and medium size. The layout is functional, with a good flow between rooms. However, there are some minor issues that need to be addressed. The living room is slightly too small, and the kitchen is not well-connected to the dining area. Additionally, the bedrooms are not well-insulated from the rest of the house. Overall, the design is good, but it could be improved with some tweaks."", ""flaws"": [""small living room"", ""poor kitchen-dining connection"", ""lack of bedroom insulation""], ""strengths"": [""good flow"", ""functional layout"", ""modern urban style""] }

**Explanation:**

*   The realism score is 7 because the floorplan is generally well-designed, but there are some minor issues that need to be addressed.
*   The critique highlights the strengths and weaknesses of the design. The strengths include a good flow between rooms, a functional layout, and a modern urban style. The weaknesses include a small living room, a poor connection between the kitchen and dining area, and a lack of insulation in the bedrooms.
*   The flaws are listed as specific issues that need to be addressed. These include a small living room, a poor connection between the kitchen and dining area, and a lack of insulation in the bedrooms.
*   The strengths are listed as positive aspects of the design. These include a good flow between rooms, a functional layout, and a modern urban style.","**Analysis of the Mystery Room**

To determine which hypothesis fits the layout better, we need to analyze the given floorplan and consider the typical characteristics of living rooms and kitchens.

**Layout Analysis**

The mystery room is located near the entrance of the house, adjacent to a hallway that leads to other rooms. It has a rectangular shape with a door on one side and a window on the opposite side. There are no visible counters, sinks, or appliances in the room.

**Hypothesis A: Living Room**

A living room is typically a space for relaxation and socializing. It often has a seating area, a television, and possibly a fireplace. In this floorplan, the mystery room could potentially serve as a living room due to its proximity to the entrance and its rectangular shape, which could accommodate a seating area.

**Hypothesis B: Kitchen**

A kitchen is a space for food preparation and cooking. It typically has counters, sinks, appliances, and storage for dishes and utensils. In this floorplan, there is no evidence of any kitchen-specific features in the mystery room.

**Comparison of Hypotheses**

Based on the layout analysis, Hypothesis A (Living Room) fits the layout better than Hypothesis B (Kitchen). The mystery room's location near the entrance and its rectangular shape make it more suitable for a living room. Additionally, there is no visible evidence of kitchen-specific features in the room.

**Evidence Supporting A**

* Proximity to the entrance
* Rectangular shape that could accommodate a seating area

**Evidence Supporting B**

* None visible in the floorplan

**Counterfactual Analysis**

To make Hypothesis B (Kitchen) valid, the following changes would be needed in the layout:

* Add counters, sinks, and appliances to the room
* Consider relocating the room to a more central location in the house, as kitchens are often hubs for activity

**Conclusion**

In conclusion, based on the layout analysis, Hypothesis A (Living Room) is the preferred hypothesis. The mystery room's location and shape make it more suitable for a living room, and there is no visible evidence of kitchen-specific features in the room. To make Hypothesis B (Kitchen) valid, significant changes would be needed in the layout.

**JSON Format**

```json
{
  ""preferred_hypothesis"": ""A"",
  ""reasoning"": ""The mystery room's location and shape make it more suitable for a living"
c45b43ca-79bb-43de-a97f-868ca38e1ea8,normal,n/a,living_room,sketchy,bedroom,"**Answer:**

*   **Room Type:** Bathroom
*   **Reasoning:** The mystery room is likely a bathroom due to its small size and location between two bedrooms. It also has a door that connects to the hallway, which is typical for bathrooms in modern urban homes. Additionally, the room's proximity to the bedrooms suggests that it may be an en-suite bathroom or a shared bathroom for the two bedrooms.","**Critique of Floorplan Design**

**Realism Score: 5**

**Critique:**

The provided floorplan design exhibits several unrealistic elements and flawed functionalities. The most notable issue is the absence of a kitchen, which is a fundamental component of any residential space. Additionally, the placement of the bathroom adjacent to the living room without any separation or soundproofing is impractical and unappealing.

Furthermore, the floorplan lacks a clear distinction between public and private areas, with the bedroom being directly accessible from the living room. This layout fails to provide a sense of privacy and separation, which is essential for a comfortable living environment.

In terms of flow, the floorplan does not make sense for a human resident. The lack of a kitchen and the poor placement of the bathroom create significant functional issues. Moreover, the absence of any storage spaces or closets further diminishes the practicality of this design.

**Flaws:**

* Absence of a kitchen
* Poor placement of the bathroom
* Lack of separation between public and private areas
* No storage spaces or closets

**Strengths:**

* Open floorplan concept
* Potential for natural light and ventilation

Overall, while the floorplan design attempts to incorporate modern urban elements, it falls short in terms of realism and functionality. Significant revisions are necessary to create a livable and practical space.","**Answer:**

**1. Which one fits the layout better?**

Hypothesis A: The room is a living room.

**2. What evidence supports A?**

*   The room's size and shape are consistent with typical living rooms.
*   The location of the room, adjacent to the entrance, is common for living rooms.

**3. What evidence supports B?**

*   There is no explicit indication that the room is a kitchen (e.g., no kitchen-specific features like counters or appliances).

**4. What would need to change in the layout to make the OTHER hypothesis valid?**

To make Hypothesis B (the room is a kitchen) valid, the following changes would be necessary:

*   Addition of kitchen-specific features such as counters, appliances, and possibly an island.
*   Adjustment of the room's size and shape to accommodate these features.

**JSON Format:**

```
{
    ""preferred_hypothesis"": ""A"",
    ""reasoning"": ""The room's size, shape, and location are more consistent with a living room than a kitchen."",
    ""counterfactual_analysis"": ""To make Hypothesis B valid, the room would need to be redesigned with kitchen-specific features and possibly adjusted in size and shape.""
}
```"
2ce87915-8f66-4399-819b-9603d47fb32e,normal,n/a,living_room,normal,closet,"The mystery room is small and narrow, which is consistent with the size of a closet. It is located near the bedroom and bathroom, which are common locations for closets. Additionally, the room's rectangular shape and lack of windows suggest that it is not a living space or bedroom.","**Realism Score:** 5

**Critique:**

The provided floor plan layout lacks essential details for a thorough critique. However, based on the given information, here are some observations and suggestions:

*   The layout appears to be a simple rectangle without any rooms or features defined.
*   For a modern urban style, medium-sized homes typically have an open-plan living area, possibly with a kitchen island or peninsula for added functionality.
*   The absence of windows, doors, and other architectural elements makes it difficult to assess the flow and functionality accurately.
*   In a real-world scenario, considerations such as natural light, ventilation, and privacy would play significant roles in the design.

**Flaws:**

*   Lack of defined rooms or spaces.
*   No indication of windows, doors, or other architectural features.
*   Insufficient information to evaluate the flow and functionality.

**Strengths:**

*   The simplicity of the layout could allow for flexibility in design and customization.
*   The rectangular shape might facilitate easy navigation and movement within the space.

Given the limited information, this critique focuses on the need for more detailed design elements to accurately assess the realism and functionality of the layout. A more comprehensive design with defined rooms, architectural features, and attention to flow and functionality would be necessary to provide a more informed evaluation.","**Analysis of the Mystery Room**

To determine whether the mystery room is more likely to be a living room or a kitchen, we need to analyze the layout and provide evidence for each hypothesis.

**Hypothesis A: The Room is a Living Room**

*   **Evidence Supporting A:**
    *   The room's location near the entrance suggests it could serve as a reception area or living space.
    *   The absence of any visible kitchen features (e.g., counters, sink) in the room supports the idea that it is not a kitchen.
*   **Counterfactual Analysis for B (Making the Kitchen Hypothesis Valid):**
    *   If the room were to have kitchen-specific features added (e.g., counters, sink, stove), it would make the kitchen hypothesis more plausible.

**Hypothesis B: The Room is a Kitchen**

*   **Evidence Supporting B:**
    *   There is no direct evidence from the layout that explicitly supports the room being a kitchen, given the lack of visible kitchen features.
*   **Counterfactual Analysis for A (Making the Living Room Hypothesis Valid):**
    *   If the room were to have living room-specific features added (e.g., furniture, TV area), it would make the living room hypothesis more plausible.

**Conclusion**

Given the information provided and the analysis above, neither hypothesis can be definitively proven without additional details about the room's contents or intended use. However, based on typical residential layouts where living rooms are often positioned near entrances and considering the lack of visible kitchen features, Hypothesis A might be slightly more plausible. But without explicit evidence of either a kitchen or living room setup within the room, both hypotheses remain speculative.

**JSON Format Response**

```json
{
    ""preferred_hypothesis"": ""A"",
    ""reasoning"": ""The room's proximity to the entrance and the absence of visible kitchen features make it slightly more plausible as a living room."",
    ""counterfactual_analysis"": ""Adding kitchen-specific features would make the kitchen hypothesis more valid, while adding living room-specific features would strengthen the living room hypothesis.""
}
```"
2ce87915-8f66-4399-819b-9603d47fb32e,normal,n/a,living_room,sketchy,dining_room,"The mystery room is likely a dining room due to its proximity to the kitchen, size, and proportions, as well as its connection to the living room.","**Answer:**

```
{
    ""realism_score"": 7,
    ""critique"": ""The floorplan has a good balance of public and private spaces, but there are some issues with the layout. The living room is quite small compared to the rest of the house, and the kitchen is not well-connected to the dining area. Additionally, the master bedroom is located on the opposite side of the house from the other bedrooms, which may not be ideal for families with young children."",
    ""flaws"": [
        ""Small living room"",
        ""Poor connection between kitchen and dining area"",
        ""Master bedroom is far from other bedrooms""
    ],
    ""strengths"": [
        ""Good balance of public and private spaces"",
        ""Large backyard with potential for outdoor living""
    ]
}
```

**Explanation:**

The floorplan has a good balance of public and private spaces, with a large backyard that could be used for outdoor living. However, there are some issues with the layout that detract from its realism and functionality. The living room is quite small compared to the rest of the house, which may make it feel cramped or uncomfortable. Additionally, the kitchen is not well-connected to the dining area, which could make mealtime awkward or inconvenient. Finally, the master bedroom is located on the opposite side of the house from the other bedrooms, which may not be ideal for families with young children who need to be close to their parents at night. Overall, while the floorplan has some strengths, its flaws bring down its realism score to a 7 out of 10.","**Analysis of the Mystery Room**

Based on the provided floorplan, we can analyze the mystery room and compare the two hypotheses: A (living room) and B (kitchen).

**Comparison of Hypotheses**

*   **Layout Fit**: Hypothesis A (living room) fits the layout better. The room is positioned in a way that it could serve as a central gathering space, which is typical for living rooms. It's also close to the entrance, making it easily accessible.
*   **Evidence Supporting A (Living Room)**: The room's size and location suggest it could be used for relaxation or entertainment, common functions of a living room. There are no specific features like counters or appliances that would typically be found in a kitchen.
*   **Evidence Supporting B (Kitchen)**: There is no direct evidence in the layout to support the room being a kitchen. Kitchens usually have specific fixtures and appliances not indicated here.
*   **Counterfactual Analysis for Making the Other Hypothesis Valid**: To make Hypothesis B (kitchen) valid, changes would include adding indications of kitchen-specific features such as counters, sink, stove, or refrigerator spaces within the room. Additionally, considering the proximity to what might be a dining area could further support this hypothesis.

**Conclusion**

Given the analysis, the preferred hypothesis is that the mystery room is more likely to be a living room due to its size, location, and lack of kitchen-specific features. To make the kitchen hypothesis valid, significant alterations to include kitchen features would be necessary.

**JSON Format Summary**

```json
{
  ""preferred_hypothesis"": ""A"",
  ""reasoning"": ""The room's size, location, and lack of kitchen-specific features align more closely with typical living room characteristics."",
  ""counterfactual_analysis"": ""Adding kitchen-specific features and considering proximity to a dining area would make the kitchen hypothesis more plausible.""
}
```"
f7f7320e-8b42-450b-8efa-b94af01953c1,normal,n/a,living_room,normal,living_room,"The mystery room is likely a living room due to its large size and central location in the floorplan, which suggests it serves as a main gathering space. Its connection to the kitchen via a doorway also supports this prediction, as living rooms often adjoin kitchens in modern urban homes.","**Critique of Floorplan Design**

**Realism Score: 4**

**Critique:**

The provided floorplan lacks realism and functionality in several key areas. The most striking issue is the absence of a living room, which is a fundamental space in any residential design. This omission significantly impacts the overall livability and functionality of the space.

Furthermore, the placement of the bathroom adjacent to the kitchen raises concerns about hygiene and the separation of wet areas from food preparation spaces. In modern urban designs, it's crucial to maintain clear distinctions between these functions for both aesthetic and practical reasons.

Additionally, the floorplan does not include any closets or storage spaces, which are essential for organizing personal belongings and maintaining a clutter-free environment. The lack of these features diminishes the usability and comfort of the living spaces.

**Flaws:**

*   Absence of a living room
*   Bathroom placement adjacent to the kitchen
*   Lack of closets or storage spaces

**Strengths:**

*   Simple and straightforward layout
*   Potential for natural light in the bedroom and kitchen

**Recommendations:**

To enhance the realism and functionality of this floorplan, I recommend the following adjustments:

1.  **Add a Living Room:** Incorporate a living room to create a social hub within the home. This space can serve as a central area for relaxation and entertainment.
2.  **Rethink Bathroom Placement:** Move the bathroom to a location that separates it from the kitchen, ensuring better hygiene and functionality.
3.  **Include Closets and Storage:** Add closets and storage spaces throughout the home to improve organization and livability.
4.  **Optimize Natural Light:** Ensure that the bedroom and kitchen receive ample natural light to enhance the ambiance and functionality of these spaces.

By addressing these areas, the revised floorplan will better align with modern urban design principles, offering a more realistic and functional living environment.","**Analysis of the Mystery Room**

To determine which hypothesis fits the layout better, we need to analyze the given floorplan and consider the typical characteristics of a living room and a kitchen.

**Step 1: Identify Key Features**

*   The mystery room is located adjacent to the bedroom and bathroom.
*   It has a door that connects it to the rest of the house.

**Step 2: Compare Hypotheses**

*   **Hypothesis A (Living Room):**
    *   Living rooms are often placed near the entrance of the house to serve as a welcoming space for guests.
    *   They typically have a larger area to accommodate furniture such as sofas, chairs, and coffee tables.
    *   The mystery room's location near the bedroom and bathroom could suggest that it is part of a private living area.
*   **Hypothesis B (Kitchen):**
    *   Kitchens are usually placed near the entrance of the house for convenience and accessibility.
    *   They require specific plumbing and electrical installations, which might not be immediately apparent from the floorplan.
    *   The mystery room's size and location could potentially accommodate kitchen appliances and countertops.

**Step 3: Evaluate Evidence**

*   **Evidence Supporting Hypothesis A (Living Room):**
    *   The room's proximity to the bedroom and bathroom suggests a private living area.
    *   The lack of any visible kitchen-specific features in the floorplan makes it less likely to be a kitchen.
*   **Evidence Supporting Hypothesis B (Kitchen):**
    *   The room's size could potentially accommodate kitchen appliances and countertops.
    *   The location near the entrance of the house is consistent with typical kitchen placements.

**Step 4: Counterfactual Analysis**

*   To make Hypothesis B (Kitchen) more plausible, the following changes would be necessary:
    *   Adding kitchen-specific features such as a sink, stove, and refrigerator to the floorplan.
    *   Modifying the room's layout to accommodate these features.
*   To make Hypothesis A (Living Room) more plausible, the following changes would be necessary:
    *   Adding furniture and decorative elements typical of a living room to the floorplan.
    *   Ensuring the room's size and layout can accommodate these elements comfortably.

**Conclusion**

Based on the analysis, Hypothesis A (Living Room) fits the layout better due to the room's proximity to the bedroom"
f7f7320e-8b42-450b-8efa-b94af01953c1,normal,n/a,living_room,sketchy,living_room,"The unlabeled room is the largest in the floorplan, suggesting it's a central living space. Its location between the kitchen and bedroom areas aligns with typical modern urban layouts where living rooms serve as hubs. The room's size and position indicate it's designed for relaxation and socializing, characteristic of a living room.","**Realism Score: 3**

**Critique:**

The provided floorplan design exhibits several unrealistic elements and flawed functionalities. 

*   The bedroom is positioned directly adjacent to the kitchen, which is uncommon in modern urban homes due to noise and privacy concerns.
*   The bathroom is situated between the kitchen and the bedroom, creating an awkward layout that may lead to congestion and functional issues.
*   The overall flow of the space appears disjointed, with rooms not logically connected for efficient movement or daily activities.

**Flaws:**

*   Unconventional room placement
*   Poor adjacency between rooms
*   Inefficient flow

**Strengths:**

*   None identified in the current design","**Analysis of the Mystery Room**

**Step 1: Identify the Mystery Room**
The mystery room is located adjacent to the bedroom and bathroom.

**Step 2: Compare Hypotheses**
Hypothesis A: The room is a living room.
Hypothesis B: The room is a kitchen.

**Step 3: Evaluate Evidence for Each Hypothesis**

*   **Hypothesis A (Living Room)**
    *   Evidence supporting Hypothesis A:
        *   Proximity to the bedroom and bathroom, suggesting a common living area.
        *   The room's size appears suitable for a living room, providing ample space for furniture and movement.
    *   Evidence against Hypothesis A:
        *   No clear indication of a door or entry point from the hallway or other rooms, which is unusual for a living room.
*   **Hypothesis B (Kitchen)**
    *   Evidence supporting Hypothesis B:
        *   The room's location near the bedroom and bathroom could indicate a desire for proximity to dining and cooking areas.
        *   The room's size might accommodate basic kitchen appliances and a small dining table.
    *   Evidence against Hypothesis B:
        *   The lack of any visible plumbing fixtures or kitchen-specific features makes it less likely to be a kitchen.

**Step 4: Determine the Preferred Hypothesis and Reasoning**

Based on the analysis, Hypothesis A (Living Room) fits the layout better due to its proximity to the bedroom and bathroom, and its size being more suitable for a living room. However, the absence of a clear entry point raises concerns about its functionality as a living room.

**Step 5: Counterfactual Analysis**

To make Hypothesis B (Kitchen) valid, the following changes would be necessary:

*   Add plumbing fixtures such as a sink and possibly a stove or refrigerator.
*   Include kitchen-specific features like countertops and cabinets.
*   Consider adding a door or entry point from the hallway or other rooms to improve accessibility.

**Conclusion**

The preferred hypothesis is Hypothesis A (Living Room), but with reservations due to the unclear entry point. To make Hypothesis B (Kitchen) valid, significant modifications would be required to accommodate kitchen-specific features and improve accessibility.

**JSON Format Response**

```json
{
    ""preferred_hypothesis"": ""A"",
    ""reasoning"": ""Hypothesis A fits the layout better due to"
f088533d-bcdb-459b-b681-6402f1e6eb28,normal,n/a,living_room,normal,living_room,"The room's size and proportions, location in the floorplan, and connections to the balcony and kitchen suggest it is a living room.","**Answer:** 

```
{
  ""realism_score"": 4,
  ""critique"": ""The layout appears to be a simplified representation of a floor plan, with an overly large bedroom and a very small balcony. The kitchen is also quite small, which may not be functional for everyday use. Additionally, there is no clear separation between the living spaces and the bedroom, which could be a privacy concern. However, the layout does attempt to incorporate a modern urban style, with an open-plan living area and a focus on natural light."",
  ""flaws"": [
    ""Oversized bedroom"",
    ""Underutilized balcony"",
    ""Small kitchen"",
    ""Lack of separation between living spaces and bedroom""
  ],
  ""strengths"": [
    ""Attempt at modern urban style"",
    ""Open-plan living area"",
    ""Focus on natural light""
  ]
}
```

**Explanation:**

*   The realism score of 4 reflects the layout's attempt at modern urban style, but its oversimplification and unrealistic room sizes bring it down.
*   The critique highlights the layout's flaws, including the oversized bedroom, underutilized balcony, small kitchen, and lack of separation between living spaces and the bedroom.
*   The strengths section acknowledges the layout's attempt at modern urban style, open-plan living area, and focus on natural light.","**Analysis of the Mystery Room**

Based on the floorplan, we can analyze the two hypotheses regarding the mystery room.

**Hypothesis A: The room is a living room**

*   This hypothesis fits the layout better because living rooms are typically located near the entrance of a house and are often adjacent to the kitchen.
*   Evidence supporting this hypothesis includes:
    *   The room's proximity to the entrance and the kitchen.
    *   The room's size, which is consistent with typical living room sizes.

**Hypothesis B: The room is a kitchen**

*   This hypothesis does not fit the layout as well because kitchens are typically located near the back of the house and are often adjacent to the dining area.
*   Evidence supporting this hypothesis includes:
    *   The room's proximity to the dining area.
    *   The room's size, which is consistent with typical kitchen sizes.

**Counterfactual Analysis**

To make Hypothesis B valid, the following changes would need to be made to the layout:

*   Move the kitchen to the back of the house, adjacent to the dining area.
*   Increase the size of the kitchen to accommodate more appliances and counter space.

**Conclusion**

Based on the analysis, Hypothesis A (the room is a living room) fits the layout better. However, if the layout were modified to move the kitchen to the back of the house and increase its size, Hypothesis B (the room is a kitchen) could also be valid.

**JSON Format**

```
{
    ""preferred_hypothesis"": ""A"",
    ""reasoning"": ""The room's proximity to the entrance and the kitchen, as well as its size, make it more likely to be a living room."",
    ""counterfactual_analysis"": ""To make Hypothesis B valid, the kitchen would need to be moved to the back of the house and increased in size.""
}
```"
f088533d-bcdb-459b-b681-6402f1e6eb28,normal,n/a,living_room,sketchy,living_room,"The mystery room is large and centrally located, with doors connecting to the bedroom, balcony, and kitchen, indicating it's a main living space. Its size and layout suggest a living room, which is typically the central hub of a home.","**Critique of the Floorplan Design**

**Realism Score:** 4

**Critique:**

The provided floorplan design exhibits several unrealistic elements and functional flaws, hindering its practicality for a human resident. The most striking issue is the absence of essential rooms such as a living room, bathroom, and kitchen. This omission significantly impacts the livability and functionality of the space.

Furthermore, the bedroom's proximity to the balcony raises concerns about privacy and noise levels. In a real-world scenario, residents would likely prefer a more secluded sleeping area, especially if the balcony is intended for socializing or relaxation.

Additionally, the lack of corridors or transitional spaces between rooms makes navigation challenging. This design choice may lead to cluttered areas and hinder the flow of movement within the residence.

**Flaws:**

*   Incomplete room layout (missing living room, bathroom, and kitchen)
*   Poor bedroom placement (adjacent to the balcony)
*   Insufficient corridors or transitional spaces

**Strengths:**

*   Open layout concept, which can enhance natural light distribution and create a sense of spaciousness

In conclusion, while the design attempts to incorporate modern urban elements, its realism score suffers due to the omission of crucial rooms and functional flaws. Addressing these issues would significantly improve the design's practicality and livability.","Based on the provided floor plan, I will analyze the two hypotheses and provide my conclusions in JSON format.

**Analysis**

*   The unlabeled mystery room is adjacent to the kitchen and has a similar size and shape.
*   The room is not connected to the bedroom or balcony, which suggests it might not be a living room.
*   There are no other rooms or features that would indicate a specific purpose for the mystery room.

**Conclusion**

**JSON Output:**

```
{
    ""preferred_hypothesis"": ""B"",
    ""reasoning"": ""The mystery room's proximity to the kitchen and similar size suggest it could be an extension of the kitchen or a dining area."",
    ""counterfactual_analysis"": ""To make Hypothesis A (living room) valid, the mystery room would need to be relocated to a more central location in the floor plan, possibly adjacent to the bedroom or balcony, and would require additional features such as a door or window to connect it to the rest of the house.""
}
```

In summary, based on the layout and proximity to the kitchen, I conclude that Hypothesis B (kitchen) is more likely. However, to make Hypothesis A (living room) valid, the mystery room would need to be relocated and connected to the rest of the house."
85121df0-f8f5-46b0-b7ce-af4183ff6116,adversarial,size_mismatch,kitchen,normal,closet,"The mystery room is small and narrow, with a rectangular shape that is typical of closets. It is located near the bedroom, which is a common location for closets. Additionally, the room's size and proportions suggest that it is not large enough to be a bedroom or living area, but rather a storage space like a closet.","**Realism Score:** 5

**Critique:**

The provided floorplan design exhibits several unrealistic elements and functional issues. The most notable concern is the absence of a hallway or corridor, which would typically connect the various rooms in a medium-sized home. Instead, the design features a direct connection between the bedroom and bathroom, creating an awkward layout.

Furthermore, the placement of the balcony adjacent to the bedroom raises questions about privacy and functionality. In a real-world scenario, it would be more practical to have the balcony accessible from the living area or kitchen, rather than the bedroom.

Additionally, the design lacks essential features such as a living room, dining area, and kitchen, which are typically found in a medium-sized home. The presence of only a bedroom, bathroom, and balcony suggests that this design may not be suitable for a typical residential dwelling.

**Flaws:**

*   Lack of hallway or corridor
*   Direct connection between bedroom and bathroom
*   Unconventional placement of the balcony
*   Absence of essential rooms (living room, dining area, kitchen)

**Strengths:**

*   Simple and minimalist design aesthetic
*   Potential for natural light and ventilation through the balcony

Overall, while the design has some positive aspects, its realism score is limited by the numerous flaws and unrealistic elements.","**Analysis of the Mystery Room Hypotheses**

Based on the provided floor plan, we will analyze two hypotheses regarding the unlabeled room: Hypothesis A (the room is a kitchen) and Hypothesis B (the room is a bedroom).

**Step 1: Identifying the Preferred Hypothesis**

Given the layout, Hypothesis A fits better. This conclusion is drawn from the typical spatial relationships observed in residential buildings. Kitchens are often placed adjacent to the main living areas and are relatively close to the entrance of the home for convenience and practicality. The location of the mystery room, being near the entrance and not directly connected to a bedroom or bathroom, suggests it could serve as a kitchen, which is a common arrangement for maximizing space and functionality.

**Step 2: Evidence Supporting Hypothesis A**

*   **Proximity to the Entrance:** Kitchens are commonly found near the entrance of homes to facilitate easy access for both residents and guests.
*   **Separation from Bedrooms:** The separation of the mystery room from the bedrooms aligns with the typical layout of homes where living and sleeping areas are kept distinct.
*   **Practicality:** Locating a kitchen in this position allows for efficient movement between the kitchen, dining area (if present), and living room, which is typical in many residential designs.

**Step 3: Evidence Supporting Hypothesis B**

*   **Space Utilization:** If considering the room as a bedroom, its placement could be seen as optimizing space by utilizing an area that might otherwise be less functional.
*   **Privacy:** The room's position could offer privacy from the rest of the living spaces, which is desirable for a bedroom.

**Step 4: Counterfactual Analysis for Hypothesis B**

To make Hypothesis B (the room is a bedroom) more plausible, several changes in the layout would be necessary:

*   **Adjusting Room Proximity:** Moving the room closer to other bedrooms or ensuring it has a more direct connection to them could enhance its suitability as a bedroom.
*   **Incorporating Closets or Storage:** Adding built-in closets or storage solutions would make the space more functional as a bedroom.
*   **Enhancing Privacy:** Implementing features like soundproofing or ensuring the room has minimal shared walls with high-traffic areas could improve its appeal as a bedroom.

**Conclusion:**

The analysis suggests that Hypothesis A (the room is a kitchen"
85121df0-f8f5-46b0-b7ce-af4183ff6116,adversarial,size_mismatch,kitchen,sketchy,living_room,"The mystery room is located in the center of the floor plan, which is a common location for living rooms. It is also the largest room in the floor plan, which suggests that it is a main living area. Additionally, it connects to multiple rooms, including the bedroom and balcony, which further supports the idea that it is a living room.","**Critique of Floorplan Design**

Based on the provided floorplan, here is a detailed critique:

**Realism Score:** 4

**Critique:**

The floorplan lacks realism in several areas. The most notable issue is the oversized bedroom, which seems disproportionate to the rest of the house. Additionally, the bathroom is located far from the bedroom, making it inconvenient for residents. The balcony is also unusually large, taking up valuable space that could be used for other purposes.

Furthermore, the flow of the house does not make sense for human residents. The kitchen is not visible on the floorplan, but it's likely that it would be located near the entrance, creating a awkward layout. The living room is also missing, which is a crucial space for relaxation and socialization.

**Flaws:**

* Oversized bedroom
* Bathroom located far from bedroom
* Unusually large balcony
* Missing kitchen and living room

**Strengths:**

* Simple and easy-to-navigate layout
* Ample natural light in the bedroom and balcony

Overall, while the floorplan has some positive aspects, it lacks realism and functionality in several key areas. With some adjustments to the layout and room sizes, this design could be improved to better meet the needs of human residents.","**Answer:** 

{ ""preferred_hypothesis"": ""A"", ""reasoning"": ""The mystery room is more likely to be a kitchen because it is located near the balcony, which is often adjacent to the kitchen in many floor plans. Additionally, the room's proximity to the bathroom suggests that it may be a kitchen, as bathrooms and kitchens are often located near each other in residential spaces."", ""counterfactual_analysis"": ""To make hypothesis B (the room is a bedroom) valid, the floor plan would need to be modified to include a closet or other features typical of bedrooms. The room's location near the balcony and bathroom would also need to be reevaluated to ensure that it aligns with the typical layout of a bedroom."" }"
b201900c-651e-493a-94ab-26931a3c194e,adversarial,size_mismatch,guest_bedroom,normal,living_room/family_room,"The room's size and proportions, its location near the bedroom, and the overall layout and architectural style of the house suggest that it is likely a living room or family room.","**Critique of the Floorplan Design**

**Realism Score:** 4

**Critique:**

The provided floorplan design exhibits several unrealistic elements and functional flaws. The most notable issue is the oversized bedroom, which occupies nearly half of the total space. This is uncommon in modern urban homes, where space efficiency is often a priority. Furthermore, the kitchen and bathroom are disproportionately small compared to the bedroom, suggesting a lack of balance in the design.

In terms of functionality, the flow between rooms does not make sense for a human resident. The bedroom is isolated from the rest of the living areas, with no clear pathway connecting it to the kitchen or bathroom. This would result in an impractical and inconvenient living arrangement.

**Flaws:**

* Oversized bedroom
* Disproportionately small kitchen and bathroom
* Poor flow between rooms

**Strengths:**

* Simple and easy-to-understand layout
* Potential for modification to improve functionality

**Conclusion:**

While the floorplan design has some positive aspects, its unrealistic elements and functional flaws detract from its overall realism. With revisions to address these issues, the design could be improved to better reflect the needs and preferences of modern urban dwellers.","Based on the layout, the mystery room is more likely to be a guest bedroom. 

1. Hypothesis A fits the layout better. 
2. The evidence supporting Hypothesis A is the room's size and location. It is similar in size to the other bedroom and is located near it, suggesting that it might also be a bedroom. 
3. There is no evidence supporting Hypothesis B. The kitchen is already located on the other side of the floor plan, and it would be unusual for a house to have two kitchens. 
4. To make Hypothesis B valid, the layout would need to change significantly. The kitchen would need to be relocated or removed, and the mystery room would need to be reconfigured to accommodate kitchen appliances and fixtures. Additionally, the floor plan would need to be adjusted to ensure that the mystery room is accessible from the rest of the house and that there is adequate space for food preparation and dining. 

Answer: { ""preferred_hypothesis"": ""A"", ""reasoning"": ""The room's size and location suggest that it is a bedroom"", ""counterfactual_analysis"": ""The kitchen would need to be relocated or removed, and the mystery room would need to be reconfigured to accommodate kitchen appliances and fixtures."" }"
b201900c-651e-493a-94ab-26931a3c194e,adversarial,size_mismatch,guest_bedroom,sketchy,closet,"The room's size and proportions, combined with its location between the bedroom and bathroom, suggest that it is likely a closet or storage space.","**Realism Score:** 4

**Critique:**

The provided floor plan exhibits several unrealistic elements and functional issues. The most striking aspect is the enormous bedroom, which occupies more than half of the total space. This is highly unusual in modern urban homes, where space efficiency is typically a priority. Furthermore, the bathroom is positioned in a way that it could only be accessed by going through the bedroom, which is impractical for privacy and functionality. The kitchen, although adequately sized, lacks any visible storage or counter space, making it difficult to prepare meals efficiently. Lastly, there are no windows depicted in the plan, which is unrealistic for any habitable space as it would lead to a lack of natural light and ventilation.

**Flaws:**

*   Excessively large bedroom.
*   Bathroom accessibility solely through the bedroom.
*   Kitchen lacks storage and counter space.
*   Absence of windows throughout the floor plan.

**Strengths:**

*   The simplicity of the design could be seen as a strength in terms of ease of navigation.
*   The open area in the bedroom could potentially be utilized for a home office or reading nook, adding versatility to the space.

Overall, while the simplicity of the design has its merits, the numerous unrealistic elements and functional shortcomings significantly detract from the floor plan's viability for actual living conditions.","Based on the layout, I would say that Hypothesis A fits the layout better. Here is my analysis in JSON format:

```
{
    ""preferred_hypothesis"": ""A"",
    ""reasoning"": ""The unlabeled room is located next to a bedroom and bathroom, which is a common layout for a guest bedroom. Additionally, the room is not adjacent to any other rooms that would typically be part of a kitchen, such as a dining area or living room."",
    ""counterfactual_analysis"": ""To make Hypothesis B valid, the layout would need to be modified to include a dining area or living room adjacent to the unlabeled room, and the room would need to be larger to accommodate kitchen appliances and countertops.""
}
```

In other words, the current layout suggests that the unlabeled room is more likely to be a guest bedroom due to its proximity to the bedroom and bathroom, and the lack of adjacent spaces that would typically be part of a kitchen. However, if the layout were modified to include a dining area or living room adjacent to the unlabeled room, and the room were enlarged to accommodate kitchen appliances and countertops, then Hypothesis B could be considered a plausible alternative."
b7b53f7c-e3e7-4352-b2c0-e199273deab6,adversarial,size_mismatch,balcony,normal,living_room,"The room's size and proportions suggest it could be a spacious area for relaxation or entertainment. Its location adjacent to the kitchen and near the entrance of the house also supports this conclusion, as living rooms are often placed in high-traffic areas to facilitate social interaction.","**Realism Score:** 4

**Critique:**

The floor plan presents a modern urban design with a medium size, which is a good starting point. However, upon closer inspection, several issues arise that detract from its realism and functionality.

**Flaws:**

*   **Unrealistic Room Sizes:** The bedroom appears oversized compared to the kitchen and bathroom. In most modern urban settings, space efficiency is crucial, making such a large bedroom unrealistic for a medium-sized home.
*   **Poor Adjacencies:** The placement of the bathroom directly next to the kitchen without any buffer (like a hallway or living area) is unconventional. This layout could lead to moisture and odors spreading into the kitchen, which is not ideal for health and comfort.
*   **Lack of Living Space:** There's no clear indication of a living room or dining area, which are essential spaces for relaxation and socializing in any home. This omission significantly impacts the floor plan's functionality.
*   **Insufficient Storage:** Without any closets or storage areas visible, the floor plan fails to address a fundamental need for residents to store their belongings, adding to its lack of realism.

**Strengths:**

*   **Simple Layout:** The simplicity of the layout makes it easy to navigate and understand at first glance.
*   **Potential for Expansion:** Depending on the external layout and the plot of land, there might be opportunities to expand the house or add additional features that could enhance its functionality and realism.

**Conclusion:**

While the intention behind the floor plan is clear, it falls short in several key areas that are critical for creating a realistic and functional living space. Addressing these flaws, particularly by including more realistic room sizes, better adjacencies, and essential living spaces, would significantly improve the floor plan's usability and appeal.","**Analysis of Hypotheses A and B**

To determine which hypothesis fits the layout better, we need to analyze the given floor plan and the characteristics of each hypothesis.

**Hypothesis A: The room is a balcony**

*   A balcony is typically an outdoor space attached to a building, often used for recreational purposes.
*   It is usually located on an upper floor and has a direct connection to the outdoors.

**Hypothesis B: The room is a kitchen**

*   A kitchen is a room or area where food is prepared and cooked.
*   It typically contains appliances such as a stove, refrigerator, and sink.

**Comparison of Hypotheses**

Based on the floor plan, Hypothesis A (the room is a balcony) seems more plausible for several reasons:

*   The room's location on the upper floor suggests that it might be an outdoor space, which aligns with the definition of a balcony.
*   The room's size and shape could accommodate outdoor furniture and decor, further supporting the idea of a balcony.

On the other hand, Hypothesis B (the room is a kitchen) seems less likely due to the following reasons:

*   Kitchens are typically located on the ground floor or in a central area of the house, not on an upper floor.
*   The room's size and shape do not seem to accommodate the typical layout of a kitchen, which includes a stove, refrigerator, and sink.

**Evidence Supporting Each Hypothesis**

Evidence supporting Hypothesis A (the room is a balcony):

*   The room's location on the upper floor
*   The room's size and shape, which could accommodate outdoor furniture and decor

Evidence supporting Hypothesis B (the room is a kitchen):

*   None apparent from the floor plan

**Counterfactual Analysis**

To make Hypothesis B (the room is a kitchen) valid, the following changes would need to be made to the layout:

*   Move the room to the ground floor or a central area of the house
*   Increase the room's size to accommodate a stove, refrigerator, and sink
*   Add windows or a door to provide natural light and ventilation

In conclusion, based on the analysis, Hypothesis A (the room is a balcony) fits the layout better than Hypothesis B (the room is a kitchen). The evidence supporting Hypothesis A includes the room's location on the upper floor and its size and"
b7b53f7c-e3e7-4352-b2c0-e199273deab6,adversarial,size_mismatch,balcony,sketchy,living_room,"The mystery room is likely a living room due to its size and proportions, which are larger than the other rooms. Its location in the floorplan suggests it is a central gathering space, and it connects to the kitchen and bedroom via doors. The overall layout and architectural style of the floorplan also suggest a modern urban design, which often features open-plan living areas.","**Answer:**

*   **Realism Score:** 4
*   **Critique:** The floorplan appears to be a simple, modern urban design with a medium size. However, there are several elements that make it unrealistic and impractical for human residents.

    *   The bedroom is adjacent to the kitchen, which is unusual because bedrooms are typically located in quieter areas of the home.
    *   The bathroom is also adjacent to the kitchen, which can be inconvenient and unhygienic.
    *   There is no living room or common area, which is essential for socializing and relaxation.
    *   The layout lacks natural light and ventilation, as there are no windows or doors leading to the outside.
*   **Flaws:**

    *   Unusual room adjacencies
    *   Lack of living room or common area
    *   Inadequate natural light and ventilation
*   **Strengths:**

    *   Simple and modern design
    *   Medium size, which could be suitable for small families or individuals

Overall, while the floorplan has some positive aspects, its unrealistic and impractical elements make it unsuitable for human residents.","Based on the provided floor plan, the mystery room appears to be located in a residential setting. Here's a comparison of the two hypotheses:

**Hypothesis A: The room is a balcony**

* This hypothesis suggests that the mystery room is an outdoor space, possibly attached to another room or accessible from a door.
* The layout does not provide any clear indication of an outdoor space, as there are no visible doors or windows that would suggest a connection to the outside.

**Hypothesis B: The room is a kitchen**

* This hypothesis suggests that the mystery room is a kitchen, which would be a common feature in a residential setting.
* The layout shows a room labeled ""Kitchen"" adjacent to the mystery room, which could suggest that the mystery room is also a kitchen or a related space.

**Comparison and Analysis**

* Based on the layout, Hypothesis B seems more plausible, as it is more common for kitchens to be located near each other or in close proximity.
* However, without further information or context, it is difficult to definitively conclude which hypothesis is correct.

**JSON Output**

```json
{
  ""preferred_hypothesis"": ""B"",
  ""reasoning"": ""The layout suggests that the mystery room is more likely to be a kitchen due to its proximity to the labeled kitchen."",
  ""counterfactual_analysis"": ""To make Hypothesis A valid, the layout would need to show a clear connection to the outside, such as a door or window, and the mystery room would need to be located in a way that makes sense for a balcony.""
}
```"
8f733ade-102e-4c1f-981d-c1ebb0ca4ba2,adversarial,size_mismatch,guest_bedroom,normal,living_room,"The mystery room is likely a living room due to its large size and central location in the floorplan, which is typical of living rooms in modern urban homes. Its connection to the kitchen via a door also supports this prediction, as living rooms often adjoin kitchens in open-plan layouts. Additionally, the room's proportions and the overall architectural style of the floorplan are consistent with a modern urban living room.","**Answer:**

**Realism Score:** 4

**Critique:**

The floor plan presents several unrealistic elements and functional issues. The most notable issue is the extremely large bedroom, which occupies more than half of the total floor area. This is unusual for a medium-sized home, as it would typically be more evenly distributed among different rooms.

Another concern is the placement of the bathroom adjacent to the kitchen. While this might not be a significant issue in terms of functionality, it could lead to moisture and humidity issues in the kitchen due to the proximity of the bathroom.

The flow of the home appears somewhat disjointed, with the bedroom feeling isolated from the rest of the living space. The lack of a clear pathway or connection between the bedroom and the kitchen/bathroom area contributes to this sense of disconnection.

**Flaws:**

* Unusually large bedroom
* Bathroom placement adjacent to the kitchen
* Disjointed flow between the bedroom and the rest of the living space

**Strengths:**

* Simple and easy-to-navigate layout
* Ample space in the bedroom for a comfortable living area

**Realism Score:** 4

This score reflects the unrealistic elements and functional issues present in the floor plan. While the design is simple and easy to navigate, the unusual bedroom size and bathroom placement detract from its overall realism.","**Analysis of the Mystery Room**

To determine which hypothesis fits the layout better, we need to analyze the given floorplan and consider the characteristics of a guest bedroom and a kitchen.

**Hypothesis A: The room is a guest bedroom.**

*   This hypothesis is supported by the fact that the mystery room is located adjacent to the existing bedroom, suggesting that it could be another bedroom.
*   The size of the room appears to be similar to the existing bedroom, which further supports this hypothesis.

**Hypothesis B: The room is a kitchen.**

*   This hypothesis is less likely because the room is not located near the existing kitchen, which would make it inconvenient for food preparation and cooking.
*   Additionally, the size of the room does not seem large enough to accommodate the typical appliances and countertops found in a kitchen.

**Comparison of Hypotheses**

Based on the analysis, Hypothesis A (the room is a guest bedroom) fits the layout better than Hypothesis B (the room is a kitchen). The location and size of the room are more consistent with a bedroom than a kitchen.

**Counterfactual Analysis**

To make Hypothesis B (the room is a kitchen) valid, several changes would need to be made to the layout:

*   The room would need to be relocated closer to the existing kitchen to facilitate food preparation and cooking.
*   The size of the room would need to be increased to accommodate the necessary appliances and countertops.
*   Additional features such as a sink, stove, and refrigerator would need to be added to the room to make it functional as a kitchen.

**Conclusion**

In conclusion, based on the analysis, Hypothesis A (the room is a guest bedroom) is the more likely explanation for the mystery room. However, if changes were made to the layout to relocate the room closer to the existing kitchen and increase its size, Hypothesis B (the room is a kitchen) could also be a viable option.

**JSON Format**

```json
{
    ""preferred_hypothesis"": ""A"",
    ""reasoning"": ""Hypothesis A fits the layout better due to the location and size of the room being more consistent with a bedroom."",
    ""counterfactual_analysis"": ""To make Hypothesis B valid, the room would need to be relocated closer to the existing kitchen, increased in size, and equipped with necessary appliances and features.""
}
```"
8f733ade-102e-4c1f-981d-c1ebb0ca4ba2,adversarial,size_mismatch,guest_bedroom,sketchy,living_room,"The mystery room is likely a living room due to its large size and central location in the floor plan. It is also adjacent to the kitchen, which is a common layout feature in modern urban homes. Additionally, the room's proportions suggest it could accommodate a sofa, coffee table, and other typical living room furniture.","**Answer:** { ""realism_score"": 4, ""critique"": ""This floor plan lacks realism due to its simplicity and lack of functional spaces. The 'Bedroom' and 'Kitchen' are not clearly defined, and there is no indication of a living room or dining area. Additionally, the 'Bathroom' appears to be located in an awkward position, potentially disrupting the flow of the space."", ""flaws"": [""Lack of functional spaces"", ""Poorly defined rooms"", ""Awkward bathroom location""], ""strengths"": [""Simple layout"", ""Easy to navigate""] }

**Explanation:**

*   The floor plan lacks realism due to its simplicity and lack of functional spaces.
*   The 'Bedroom' and 'Kitchen' are not clearly defined, and there is no indication of a living room or dining area.
*   The 'Bathroom' appears to be located in an awkward position, potentially disrupting the flow of the space.
*   The simplicity of the layout makes it easy to navigate, but it also lacks depth and functionality.
*   Overall, the floor plan needs more attention to detail and a better understanding of how people live and interact with their surroundings.","**Analysis of the Mystery Room**

To determine the most likely purpose of the unlabeled room, we will analyze the given floor plan and compare Hypothesis A (the room is a guest bedroom) with Hypothesis B (the room is a kitchen).

**Layout Analysis**

*   The room is positioned adjacent to the existing bedroom, suggesting it could serve as a secondary bedroom or a space closely related to the bedroom.
*   The room's size appears comparable to the bedroom, indicating it could accommodate similar functions.
*   There is no clear indication of plumbing or cooking facilities within the room, which are typical features of a kitchen.

**Comparison of Hypotheses**

*   **Hypothesis A (Guest Bedroom):** This hypothesis aligns well with the room's location and size. Guest bedrooms are often placed near primary bedrooms for convenience and privacy.
*   **Hypothesis B (Kitchen):** This hypothesis does not fit as well due to the lack of evidence for kitchen facilities and its placement away from the main living areas where kitchens are typically located.

**Evidence Supporting Each Hypothesis**

*   **Supporting Hypothesis A:**
    *   Proximity to the bedroom.
    *   Comparable size to the bedroom.
*   **Supporting Hypothesis B:**
    *   None evident from the provided floor plan.

**Counterfactual Analysis**

For Hypothesis B (the room is a kitchen) to be valid, significant changes would be necessary:

*   Addition of plumbing for a sink and possibly a dishwasher.
*   Installation of cooking appliances (e.g., stove, oven).
*   Incorporation of cabinetry for storage.
*   Potential relocation closer to dining or living areas for functional convenience.

Given the analysis, Hypothesis A (the room is a guest bedroom) fits the layout better due to its location and size relative to the existing bedroom. The absence of features typical of a kitchen further supports this conclusion.

**JSON Format Summary**

```json
{
  ""preferred_hypothesis"": ""A"",
  ""reasoning"": ""Hypothesis A aligns better with the room's location and size compared to the existing bedroom, lacking features typical of a kitchen."",
  ""counterfactual_analysis"": ""To make Hypothesis B valid, the room would need significant alterations including plumbing, cooking appliances, cabinetry, and possibly relocation for functional convenience.""
}
```"
a30c22ef-1282-495e-8cae-06e6ce509dde,adversarial,size_mismatch,storage,normal,living_room,"The mystery room is the largest room in the floorplan, which suggests it's a main living area. Its central location and connections to multiple rooms (bedroom, bathroom, and kitchen) further support this conclusion. The modern urban architectural style also typically features an open-plan living area.","**Realism Score:** 4

**Critique:**

The provided floor plan has several elements that detract from its realism and functionality. 

*   The bedroom is directly adjacent to the kitchen, which is uncommon in most residential designs due to noise and privacy concerns.
*   The bathroom is not easily accessible from the bedroom, requiring passage through the kitchen or hallway, which may not be ideal for privacy and convenience.
*   There's no clear indication of a living area or entryway, which are essential components of a functional home.

**Flaws:**

*   Unconventional bedroom-kitchen adjacency
*   Inconvenient bathroom access from the bedroom
*   Lack of a defined living area or entryway

**Strengths:**

*   Simple and easy-to-understand layout
*   Potential for open-plan living with modifications to include a living area

To enhance realism and functionality, consider revising the layout to include a separate living area, repositioning the bathroom for easier access, and ensuring a more traditional bedroom-kitchen adjacency.","**Answer:** 

{ 
    ""preferred_hypothesis"": ""A"", 
    ""reasoning"": ""Hypothesis A fits the layout better because the room is located next to a bedroom and bathroom, which is a common location for storage or closet space. Additionally, the room's size and shape suggest that it may be used for storage rather than as a kitchen."", 
    ""counterfactual_analysis"": ""To make Hypothesis B valid, the layout would need to be modified to include a door or passageway connecting the mystery room to the rest of the house, and possibly also to add plumbing and electrical fixtures to support a kitchen. Additionally, the room's size and shape would need to be adjusted to accommodate kitchen appliances and countertops."" 
}"
a30c22ef-1282-495e-8cae-06e6ce509dde,adversarial,size_mismatch,storage,sketchy,living_room,"The mystery room is large and rectangular, with a door connecting it to the bedroom. Its size and location suggest it is a common area, and its connection to the bedroom implies it is a living space. The overall layout and architectural style are consistent with modern urban design, which often features open-plan living areas.","**Realism Score:** 4

**Critique:**

The provided floor plan exhibits several unrealistic elements and functional issues. The most notable flaw is the extremely large bedroom, which occupies nearly half of the entire floor space. This allocation is impractical for a medium-sized urban home, as it leaves insufficient space for other essential rooms such as the living room, dining area, and possibly an office or study area. 

Additionally, the kitchen appears too small to accommodate standard kitchen appliances and adequate counter space, making meal preparation challenging. Furthermore, there is no indication of a living room or dining area, which are crucial components of a functional home.

In terms of flow, the layout does not facilitate smooth movement between rooms. For instance, entering the kitchen from the bedroom would require navigating through the bathroom, which is inconvenient and unhygienic.

**Flaws:**

*   Oversized bedroom
*   Undersized kitchen
*   Lack of living room and dining area
*   Poor room adjacencies

**Strengths:**

*   The bathroom is centrally located, providing easy access from both the bedroom and kitchen.
*   The layout's simplicity could be beneficial for a minimalist lifestyle or a studio apartment conversion.

Overall, while this floor plan has some redeeming qualities, its unrealistic room sizes and poor functionality make it unsuitable for a typical medium-sized urban home.","Based on the provided floorplan, it appears that the unlabeled room is more likely to be a kitchen than a storage room. Here's a detailed analysis:

**1. Which one fits the layout better?**

The layout suggests that the unlabeled room is adjacent to the bedroom and bathroom, which is a common placement for a kitchen in many homes. The room's size and shape also seem to be consistent with a typical kitchen layout.

**2. What evidence supports A (the room is a storage)?**

There is no clear evidence in the floorplan that supports the idea that the unlabeled room is a storage room. Storage rooms are often smaller and located in less prominent areas of the home, whereas this room appears to be a decent size and in a relatively central location.

**3. What evidence supports B (the room is a kitchen)?**

As mentioned earlier, the room's location and size are consistent with a typical kitchen layout. Additionally, the fact that it is adjacent to the bedroom and bathroom suggests that it may be part of a larger living area, which is often where kitchens are located.

**4. What would need to change in the layout to make the OTHER hypothesis valid?**

To make the storage room hypothesis more plausible, the following changes would be necessary:

* The room would need to be significantly smaller to accommodate typical storage needs.
* The room's location would need to be moved to a less prominent area of the home, such as a basement or attic.
* Additional features such as shelving or cabinets would need to be added to support storage functions.

In contrast, if the kitchen hypothesis is incorrect, the following changes would be necessary to make the storage room hypothesis more valid:

* The room would need to be reconfigured to accommodate storage needs, such as adding shelving or cabinets.
* The room's location would need to be moved to a less prominent area of the home, such as a basement or attic.
* Additional features such as a sink or stove would need to be removed to support storage functions.

**JSON Analysis**

```
{
  ""preferred_hypothesis"": ""B"",
  ""reasoning"": ""The room's location and size are consistent with a typical kitchen layout, and it is adjacent to the bedroom and bathroom, which is a common placement for a kitchen in many homes."",
  ""counterfactual_analysis"": ""To make the storage room hypothesis more plausible, the room would need to be significantly smaller, relocated to a less prominent"
